,Unnamed: 0,Season,EpisodeNo
Unnamed: 0,1.0,0.9906000938735502,0.24225732137604467
Season,0.9906000938735502,1.0,0.14013460615690518
EpisodeNo,0.24225732137604467,0.14013460615690518,1.0
